{
  "prepare_queue": {
    "installed": [],
    "uninstalled": []
  },
  "config_munge": {
    "files": {
      "res/xml/config.xml": {
        "parents": {
          "/*": [
            {
              "xml": "<feature name=\"Keyboard\"><param name=\"android-package\" value=\"io.ionic.keyboard.IonicKeyboard\" /><param name=\"onload\" value=\"true\" /></feature>",
              "count": 1
            },
            {
              "xml": "<feature name=\"Whitelist\"><param name=\"android-package\" value=\"org.apache.cordova.whitelist.WhitelistPlugin\" /><param name=\"onload\" value=\"true\" /></feature>",
              "count": 1
            },
            {
              "xml": "<feature name=\"Device\"><param name=\"android-package\" value=\"org.apache.cordova.device.Device\" /></feature>",
              "count": 1
            },
            {
              "xml": "<feature name=\"SplashScreen\"><param name=\"android-package\" value=\"org.apache.cordova.splashscreen.SplashScreen\" /><param name=\"onload\" value=\"true\" /></feature>",
              "count": 1
            },
            {
              "xml": "<feature name=\"File\"><param name=\"android-package\" value=\"org.apache.cordova.file.FileUtils\" /><param name=\"onload\" value=\"true\" /></feature>",
              "count": 1
            },
            {
              "xml": "<allow-navigation href=\"cdvfile:*\" />",
              "count": 1
            },
            {
              "xml": "<feature name=\"FileTransfer\"><param name=\"android-package\" value=\"org.apache.cordova.filetransfer.FileTransfer\" /></feature>",
              "count": 1
            },
            {
              "xml": "<feature name=\"JPushPlugin\"><param name=\"android-package\" value=\"cn.jiguang.cordova.push.JPushPlugin\" /></feature>",
              "count": 1
            },
            {
              "xml": "<feature name=\"StatusBar\"><param name=\"android-package\" value=\"org.apache.cordova.statusbar.StatusBar\" /><param name=\"onload\" value=\"true\" /></feature>",
              "count": 1
            },
            {
              "xml": "<feature name=\"CordovaHttpPlugin\"><param name=\"android-package\" value=\"com.synconset.cordovahttp.CordovaHttpPlugin\" /></feature>",
              "count": 1
            },
            {
              "xml": "<feature name=\"Toast\"><param name=\"android-package\" value=\"nl.xservices.plugins.Toast\" /></feature>",
              "count": 1
            },
            {
              "xml": "<feature name=\"CordovaFileTransfer\"><param name=\"android-package\" value=\"com.facelessmen.file.transfer.CordovaFileTransfer\" /></feature>",
              "count": 1
            },
            {
              "xml": "<feature name=\"NativeStorage\"><param name=\"android-package\" value=\"NativeStorage\" /></feature>",
              "count": 1
            },
            {
              "xml": "<feature name=\"StreamingMedia\"><param name=\"android-package\" value=\"com.hutchind.cordova.plugins.streamingmedia.StreamingMedia\" /></feature>",
              "count": 1
            },
            {
              "xml": "<preference name=\"webView\" value=\"org.apache.cordova.x5engine.X5WebViewEngine\" />",
              "count": 1
            },
            {
              "xml": "<preference name=\"appUserAgent\" value=\"x5webview\" />",
              "count": 1
            },
            {
              "xml": "<preference name=\"android-minSdkVersion\" value=\"15\" />",
              "count": 1
            },
            {
              "xml": "<allow-navigation href=\"*\" />",
              "count": 1
            },
            {
              "xml": "<feature name=\"ExoPlayer\"><param name=\"android-package\" value=\"co.frontyard.cordova.plugin.exoplayer.Plugin\" /></feature>",
              "count": 1
            }
          ]
        }
      },
      "AndroidManifest.xml": {
        "parents": {
          "/*": [
            {
              "xml": "<uses-permission android:name=\"android.permission.WRITE_EXTERNAL_STORAGE\" />",
              "count": 3
            },
            {
              "xml": "<uses-permission android:name=\"android.permission.ACCESS_NETWORK_STATE\" />",
              "count": 1
            },
            {
              "xml": "<uses-permission android:name=\"android.permission.ACCESS_WIFI_STATE\" />",
              "count": 1
            },
            {
              "xml": "<uses-permission android:name=\"android.permission.INTERNET\" />",
              "count": 1
            },
            {
              "xml": "<uses-permission android:name=\"android.permission.READ_PHONE_STATE\" />",
              "count": 1
            }
          ],
          "/manifest": [
            {
              "xml": "<permission android:name=\"com.btz.app.permission.JPUSH_MESSAGE\" android:protectionLevel=\"signature\" />",
              "count": 1
            },
            {
              "xml": "<uses-permission android:name=\"com.btz.app.permission.JPUSH_MESSAGE\" />",
              "count": 1
            },
            {
              "xml": "<uses-permission android:name=\"android.permission.RECEIVE_USER_PRESENT\" />",
              "count": 1
            },
            {
              "xml": "<uses-permission android:name=\"android.permission.INTERNET\" />",
              "count": 3
            },
            {
              "xml": "<uses-permission android:name=\"android.permission.WAKE_LOCK\" />",
              "count": 1
            },
            {
              "xml": "<uses-permission android:name=\"android.permission.READ_PHONE_STATE\" />",
              "count": 1
            },
            {
              "xml": "<uses-permission android:name=\"android.permission.WRITE_EXTERNAL_STORAGE\" />",
              "count": 1
            },
            {
              "xml": "<uses-permission android:name=\"android.permission.READ_EXTERNAL_STORAGE\" />",
              "count": 1
            },
            {
              "xml": "<uses-permission android:name=\"android.permission.WRITE_SETTINGS\" />",
              "count": 1
            },
            {
              "xml": "<uses-permission android:name=\"android.permission.VIBRATE\" />",
              "count": 1
            },
            {
              "xml": "<uses-permission android:name=\"android.permission.MOUNT_UNMOUNT_FILESYSTEMS\" />",
              "count": 1
            },
            {
              "xml": "<uses-permission android:name=\"android.permission.ACCESS_NETWORK_STATE\" />",
              "count": 1
            },
            {
              "xml": "<uses-permission android:name=\"android.permission.ACCESS_WIFI_STATE\" />",
              "count": 1
            }
          ],
          "/manifest/application": [
            {
              "xml": "<activity android:configChanges=\"orientation|keyboardHidden\" android:name=\"cn.jpush.android.ui.PushActivity\" android:theme=\"@android:style/Theme.Translucent.NoTitleBar\"><intent-filter><action android:name=\"cn.jpush.android.ui.PushActivity\" /><category android:name=\"android.intent.category.DEFAULT\" /><category android:name=\"com.btz.app\" /></intent-filter></activity>",
              "count": 1
            },
            {
              "xml": "<activity android:exported=\"false\" android:name=\"cn.jpush.android.ui.PopWinActivity\" android:theme=\"@style/MyDialogStyle\"></activity>",
              "count": 1
            },
            {
              "xml": "<service android:enabled=\"true\" android:exported=\"false\" android:name=\"cn.jpush.android.service.DownloadService\"></service>",
              "count": 1
            },
            {
              "xml": "<service android:enabled=\"true\" android:exported=\"false\" android:name=\"cn.jpush.android.service.PushService\" android:process=\":remote\"><intent-filter><action android:name=\"cn.jpush.android.intent.REGISTER\" /><action android:name=\"cn.jpush.android.intent.REPORT\" /><action android:name=\"cn.jpush.android.intent.PushService\" /><action android:name=\"cn.jpush.android.intent.PUSH_TIME\" /></intent-filter></service>",
              "count": 1
            },
            {
              "xml": "<receiver android:enabled=\"true\" android:exported=\"false\" android:name=\"cn.jpush.android.service.PushReceiver\"><intent-filter android:priority=\"1000\"><action android:name=\"cn.jpush.android.intent.NOTIFICATION_RECEIVED_PROXY\" /><category android:name=\"com.btz.app\" /></intent-filter><intent-filter><action android:name=\"android.intent.action.USER_PRESENT\" /><action android:name=\"android.net.conn.CONNECTIVITY_CHANGE\" /></intent-filter><intent-filter><action android:name=\"android.intent.action.PACKAGE_ADDED\" /><action android:name=\"android.intent.action.PACKAGE_REMOVED\" /><data android:scheme=\"package\" /></intent-filter></receiver>",
              "count": 1
            },
            {
              "xml": "<service android:enabled=\"true\" android:exported=\"true\" android:name=\"cn.jpush.android.service.DaemonService\"><intent-filter><action android:name=\"cn.jpush.android.intent.DaemonService\" /><category android:name=\"com.btz.app\" /></intent-filter></service>",
              "count": 1
            },
            {
              "xml": "<receiver android:enabled=\"true\" android:name=\"cn.jiguang.cordova.push.JPushReceiver\"><intent-filter><action android:name=\"cn.jpush.android.intent.REGISTRATION\" /><action android:name=\"cn.jpush.android.intent.MESSAGE_RECEIVED\" /><action android:name=\"cn.jpush.android.intent.NOTIFICATION_RECEIVED\" /><action android:name=\"cn.jpush.android.intent.NOTIFICATION_OPENED\" /><action android:name=\"cn.jpush.android.intent.CONNECTION\" /><category android:name=\"com.btz.app\" /></intent-filter></receiver>",
              "count": 1
            },
            {
              "xml": "<receiver android:exported=\"false\" android:name=\"cn.jpush.android.service.AlarmReceiver\" />",
              "count": 1
            },
            {
              "xml": "<provider android:authorities=\"com.btz.app.DataProvider\" android:exported=\"true\" android:name=\"cn.jpush.android.service.DataProvider\" />",
              "count": 1
            },
            {
              "xml": "<receiver android:name=\"cn.jiguang.cordova.push.JPushEventReceiver\"><intent-filter><action android:name=\"cn.jpush.android.intent.RECEIVE_MESSAGE\" /><category android:name=\"com.btz.app\" /></intent-filter></receiver>",
              "count": 1
            },
            {
              "xml": "<meta-data android:name=\"JPUSH_CHANNEL\" android:value=\"developer-default\" />",
              "count": 1
            },
            {
              "xml": "<meta-data android:name=\"JPUSH_APPKEY\" android:value=\"2734cc921c147de83eef9ab7\" />",
              "count": 1
            },
            {
              "xml": "<activity android:configChanges=\"orientation|screenSize\" android:label=\"Simple Audio Stream\" android:name=\"com.hutchind.cordova.plugins.streamingmedia.SimpleAudioStream\" />",
              "count": 1
            },
            {
              "xml": "<activity android:configChanges=\"orientation|screenSize\" android:label=\"Simple Video Stream\" android:name=\"com.hutchind.cordova.plugins.streamingmedia.SimpleVideoStream\" />",
              "count": 1
            }
          ]
        }
      }
    }
  },
  "installed_plugins": {
    "ionic-plugin-keyboard": {
      "PACKAGE_NAME": "com.btz.app"
    },
    "cordova-plugin-whitelist": {
      "PACKAGE_NAME": "com.btz.app"
    },
    "cordova-plugin-device": {
      "PACKAGE_NAME": "com.btz.app"
    },
    "cordova-plugin-splashscreen": {
      "PACKAGE_NAME": "com.btz.app"
    },
    "cordova-plugin-ionic-webview": {
      "PACKAGE_NAME": "com.btz.app"
    },
    "cordova-plugin-file": {
      "PACKAGE_NAME": "com.btz.app"
    },
    "cordova-plugin-file-transfer": {
      "PACKAGE_NAME": "com.btz.app"
    },
    "cordova-plugin-jcore": {
      "PACKAGE_NAME": "com.btz.app"
    },
    "jpush-phonegap-plugin": {
      "APP_KEY": "2734cc921c147de83eef9ab7",
      "PACKAGE_NAME": "com.btz.app"
    },
    "cordova-plugin-statusbar": {
      "PACKAGE_NAME": "com.btz.app"
    },
    "cordova-plugin-advanced-http": {
      "PACKAGE_NAME": "com.btz.app"
    },
    "cordova-plugin-x-toast": {
      "PACKAGE_NAME": "com.btz.app"
    },
    "com.facelessmen.file.transfer": {
      "PACKAGE_NAME": "com.btz.app"
    },
    "cordova-plugin-nativestorage": {
      "PACKAGE_NAME": "com.btz.app"
    },
    "com.hutchind.cordova.plugins.streamingmedia": {
      "PACKAGE_NAME": "com.btz.app"
    },
    "x5webview-cordova-plugin": {
      "PACKAGE_NAME": "com.btz.app"
    },
    "cordova-plugin-exoplayer": {
      "PACKAGE_NAME": "com.btz.app"
    }
  },
  "dependent_plugins": {},
  "modules": [
    {
      "id": "ionic-plugin-keyboard.keyboard",
      "file": "plugins/ionic-plugin-keyboard/www/android/keyboard.js",
      "pluginId": "ionic-plugin-keyboard",
      "clobbers": [
        "cordova.plugins.Keyboard"
      ],
      "runs": true
    },
    {
      "id": "cordova-plugin-device.device",
      "file": "plugins/cordova-plugin-device/www/device.js",
      "pluginId": "cordova-plugin-device",
      "clobbers": [
        "device"
      ]
    },
    {
      "id": "cordova-plugin-splashscreen.SplashScreen",
      "file": "plugins/cordova-plugin-splashscreen/www/splashscreen.js",
      "pluginId": "cordova-plugin-splashscreen",
      "clobbers": [
        "navigator.splashscreen"
      ]
    },
    {
      "id": "cordova-plugin-file.DirectoryEntry",
      "file": "plugins/cordova-plugin-file/www/DirectoryEntry.js",
      "pluginId": "cordova-plugin-file",
      "clobbers": [
        "window.DirectoryEntry"
      ]
    },
    {
      "id": "cordova-plugin-file.DirectoryReader",
      "file": "plugins/cordova-plugin-file/www/DirectoryReader.js",
      "pluginId": "cordova-plugin-file",
      "clobbers": [
        "window.DirectoryReader"
      ]
    },
    {
      "id": "cordova-plugin-file.Entry",
      "file": "plugins/cordova-plugin-file/www/Entry.js",
      "pluginId": "cordova-plugin-file",
      "clobbers": [
        "window.Entry"
      ]
    },
    {
      "id": "cordova-plugin-file.File",
      "file": "plugins/cordova-plugin-file/www/File.js",
      "pluginId": "cordova-plugin-file",
      "clobbers": [
        "window.File"
      ]
    },
    {
      "id": "cordova-plugin-file.FileEntry",
      "file": "plugins/cordova-plugin-file/www/FileEntry.js",
      "pluginId": "cordova-plugin-file",
      "clobbers": [
        "window.FileEntry"
      ]
    },
    {
      "id": "cordova-plugin-file.FileError",
      "file": "plugins/cordova-plugin-file/www/FileError.js",
      "pluginId": "cordova-plugin-file",
      "clobbers": [
        "window.FileError"
      ]
    },
    {
      "id": "cordova-plugin-file.FileReader",
      "file": "plugins/cordova-plugin-file/www/FileReader.js",
      "pluginId": "cordova-plugin-file",
      "clobbers": [
        "window.FileReader"
      ]
    },
    {
      "id": "cordova-plugin-file.FileSystem",
      "file": "plugins/cordova-plugin-file/www/FileSystem.js",
      "pluginId": "cordova-plugin-file",
      "clobbers": [
        "window.FileSystem"
      ]
    },
    {
      "id": "cordova-plugin-file.FileUploadOptions",
      "file": "plugins/cordova-plugin-file/www/FileUploadOptions.js",
      "pluginId": "cordova-plugin-file",
      "clobbers": [
        "window.FileUploadOptions"
      ]
    },
    {
      "id": "cordova-plugin-file.FileUploadResult",
      "file": "plugins/cordova-plugin-file/www/FileUploadResult.js",
      "pluginId": "cordova-plugin-file",
      "clobbers": [
        "window.FileUploadResult"
      ]
    },
    {
      "id": "cordova-plugin-file.FileWriter",
      "file": "plugins/cordova-plugin-file/www/FileWriter.js",
      "pluginId": "cordova-plugin-file",
      "clobbers": [
        "window.FileWriter"
      ]
    },
    {
      "id": "cordova-plugin-file.Flags",
      "file": "plugins/cordova-plugin-file/www/Flags.js",
      "pluginId": "cordova-plugin-file",
      "clobbers": [
        "window.Flags"
      ]
    },
    {
      "id": "cordova-plugin-file.LocalFileSystem",
      "file": "plugins/cordova-plugin-file/www/LocalFileSystem.js",
      "pluginId": "cordova-plugin-file",
      "clobbers": [
        "window.LocalFileSystem"
      ],
      "merges": [
        "window"
      ]
    },
    {
      "id": "cordova-plugin-file.Metadata",
      "file": "plugins/cordova-plugin-file/www/Metadata.js",
      "pluginId": "cordova-plugin-file",
      "clobbers": [
        "window.Metadata"
      ]
    },
    {
      "id": "cordova-plugin-file.ProgressEvent",
      "file": "plugins/cordova-plugin-file/www/ProgressEvent.js",
      "pluginId": "cordova-plugin-file",
      "clobbers": [
        "window.ProgressEvent"
      ]
    },
    {
      "id": "cordova-plugin-file.fileSystems",
      "file": "plugins/cordova-plugin-file/www/fileSystems.js",
      "pluginId": "cordova-plugin-file"
    },
    {
      "id": "cordova-plugin-file.requestFileSystem",
      "file": "plugins/cordova-plugin-file/www/requestFileSystem.js",
      "pluginId": "cordova-plugin-file",
      "clobbers": [
        "window.requestFileSystem"
      ]
    },
    {
      "id": "cordova-plugin-file.resolveLocalFileSystemURI",
      "file": "plugins/cordova-plugin-file/www/resolveLocalFileSystemURI.js",
      "pluginId": "cordova-plugin-file",
      "merges": [
        "window"
      ]
    },
    {
      "id": "cordova-plugin-file.isChrome",
      "file": "plugins/cordova-plugin-file/www/browser/isChrome.js",
      "pluginId": "cordova-plugin-file",
      "runs": true
    },
    {
      "id": "cordova-plugin-file.androidFileSystem",
      "file": "plugins/cordova-plugin-file/www/android/FileSystem.js",
      "pluginId": "cordova-plugin-file",
      "merges": [
        "FileSystem"
      ]
    },
    {
      "id": "cordova-plugin-file.fileSystems-roots",
      "file": "plugins/cordova-plugin-file/www/fileSystems-roots.js",
      "pluginId": "cordova-plugin-file",
      "runs": true
    },
    {
      "id": "cordova-plugin-file.fileSystemPaths",
      "file": "plugins/cordova-plugin-file/www/fileSystemPaths.js",
      "pluginId": "cordova-plugin-file",
      "merges": [
        "cordova"
      ],
      "runs": true
    },
    {
      "id": "cordova-plugin-file-transfer.FileTransferError",
      "file": "plugins/cordova-plugin-file-transfer/www/FileTransferError.js",
      "pluginId": "cordova-plugin-file-transfer",
      "clobbers": [
        "window.FileTransferError"
      ]
    },
    {
      "id": "cordova-plugin-file-transfer.FileTransfer",
      "file": "plugins/cordova-plugin-file-transfer/www/FileTransfer.js",
      "pluginId": "cordova-plugin-file-transfer",
      "clobbers": [
        "window.FileTransfer"
      ]
    },
    {
      "id": "jpush-phonegap-plugin.JPushPlugin",
      "file": "plugins/jpush-phonegap-plugin/www/JPushPlugin.js",
      "pluginId": "jpush-phonegap-plugin",
      "clobbers": [
        "JPush"
      ]
    },
    {
      "id": "cordova-plugin-statusbar.statusbar",
      "file": "plugins/cordova-plugin-statusbar/www/statusbar.js",
      "pluginId": "cordova-plugin-statusbar",
      "clobbers": [
        "window.StatusBar"
      ]
    },
    {
      "id": "cordova-plugin-advanced-http.lodash",
      "file": "plugins/cordova-plugin-advanced-http/www/lodash.js",
      "pluginId": "cordova-plugin-advanced-http"
    },
    {
      "id": "cordova-plugin-advanced-http.tough-cookie",
      "file": "plugins/cordova-plugin-advanced-http/www/umd-tough-cookie.js",
      "pluginId": "cordova-plugin-advanced-http"
    },
    {
      "id": "cordova-plugin-advanced-http.messages",
      "file": "plugins/cordova-plugin-advanced-http/www/messages.js",
      "pluginId": "cordova-plugin-advanced-http"
    },
    {
      "id": "cordova-plugin-advanced-http.local-storage-store",
      "file": "plugins/cordova-plugin-advanced-http/www/local-storage-store.js",
      "pluginId": "cordova-plugin-advanced-http"
    },
    {
      "id": "cordova-plugin-advanced-http.cookie-handler",
      "file": "plugins/cordova-plugin-advanced-http/www/cookie-handler.js",
      "pluginId": "cordova-plugin-advanced-http"
    },
    {
      "id": "cordova-plugin-advanced-http.angular-integration",
      "file": "plugins/cordova-plugin-advanced-http/www/angular-integration.js",
      "pluginId": "cordova-plugin-advanced-http"
    },
    {
      "id": "cordova-plugin-advanced-http.helpers",
      "file": "plugins/cordova-plugin-advanced-http/www/helpers.js",
      "pluginId": "cordova-plugin-advanced-http"
    },
    {
      "id": "cordova-plugin-advanced-http.http",
      "file": "plugins/cordova-plugin-advanced-http/www/advanced-http.js",
      "pluginId": "cordova-plugin-advanced-http",
      "clobbers": [
        "cordova.plugin.http"
      ]
    },
    {
      "id": "cordova-plugin-x-toast.Toast",
      "file": "plugins/cordova-plugin-x-toast/www/Toast.js",
      "pluginId": "cordova-plugin-x-toast",
      "clobbers": [
        "window.plugins.toast"
      ]
    },
    {
      "id": "com.facelessmen.file.transfer.CordovaFileTransfer",
      "file": "plugins/com.facelessmen.file.transfer/www/CordovaFileTransfer.js",
      "pluginId": "com.facelessmen.file.transfer",
      "clobbers": [
        "cordova.plugins.CordovaFileTransfer"
      ]
    },
    {
      "id": "cordova-plugin-nativestorage.mainHandle",
      "file": "plugins/cordova-plugin-nativestorage/www/mainHandle.js",
      "pluginId": "cordova-plugin-nativestorage",
      "clobbers": [
        "NativeStorage"
      ]
    },
    {
      "id": "cordova-plugin-nativestorage.LocalStorageHandle",
      "file": "plugins/cordova-plugin-nativestorage/www/LocalStorageHandle.js",
      "pluginId": "cordova-plugin-nativestorage"
    },
    {
      "id": "cordova-plugin-nativestorage.NativeStorageError",
      "file": "plugins/cordova-plugin-nativestorage/www/NativeStorageError.js",
      "pluginId": "cordova-plugin-nativestorage"
    },
    {
      "id": "com.hutchind.cordova.plugins.streamingmedia.StreamingMedia",
      "file": "plugins/com.hutchind.cordova.plugins.streamingmedia/www/StreamingMedia.js",
      "pluginId": "com.hutchind.cordova.plugins.streamingmedia",
      "clobbers": [
        "streamingMedia"
      ]
    },
    {
      "id": "cordova-plugin-exoplayer.ExoPlayer",
      "file": "plugins/cordova-plugin-exoplayer/www/exoplayer.js",
      "pluginId": "cordova-plugin-exoplayer",
      "clobbers": [
        "ExoPlayer"
      ]
    }
  ],
  "plugin_metadata": {
    "ionic-plugin-keyboard": "2.2.1",
    "cordova-plugin-whitelist": "1.3.3",
    "cordova-plugin-device": "1.1.7",
    "cordova-plugin-splashscreen": "4.1.0",
    "cordova-plugin-ionic-webview": "1.1.16",
    "cordova-plugin-file": "5.0.0",
    "cordova-plugin-file-transfer": "1.7.1",
    "cordova-plugin-jcore": "1.2.0",
    "jpush-phonegap-plugin": "3.4.1",
    "cordova-plugin-statusbar": "2.4.1",
    "cordova-plugin-advanced-http": "1.11.1",
    "cordova-plugin-x-toast": "2.6.2",
    "com.facelessmen.file.transfer": "1.0.0",
    "cordova-plugin-nativestorage": "2.3.1",
    "com.hutchind.cordova.plugins.streamingmedia": "0.1.4",
    "x5webview-cordova-plugin": "1.1.0",
    "cordova-plugin-exoplayer": "2.5.4"
  }
}